{"cameraMode":{"drawMode":0,"name":"Shaded","section":"Shading Mode"},"sceneLighting":true,"audioPlay":false,"sceneViewState":{"m_AlwaysRefresh":false,"showFog":true,"showSkybox":true,"showFlares":true,"showImageEffects":true,"showParticleSystems":true,"showVisualEffectGraphs":true,"m_FxEnabled":true},"in2DMode":false,"pivot":{"x":5.85005521774292,"y":4.547889709472656,"z":-36.85927200317383},"rotation":{"x":0.030298864468932153,"y":-0.008687587454915047,"z":0.0002649865346029401,"w":0.9993828535079956},"size":0.7141428589820862,"orthographic":false}